{
    "batch_data_fields": {
        "allowed_Zs": [
            1,
            6,
            7,
            8
        ],
        "heavy_atoms": [
            1,
            2,
            3,
            4,
            5,
            6,
            7,
            8
        ],
        "max_config": 20,
        "target": {
            "Etot": "cc",
            "dipole": "wb97x_dz.dipole",
            "charges": "wb97x_dz.cm5_charges"
        },
        "exclude": [
            "O3",
            "N2O1",
            "H1N1O3",
            "H2"
        ],
        "num_per_batch": 10,
        "prop_train": 0.8,
        "data_path": "ANI-1ccx_clean_fullentry.h5",
        "shuffle": [
            1,
            1
        ]
    },
    "loaded_data_fields": {
        "loaded_data": true,
        "top_level_fold_path": "benchtop_wdir/dsets/base_dset_expanded_20000",
        "run_check": false,
        "type_conversion_ignore_keys": [
            "glabels",
            "basis_sizes",
            "charges",
            "dipole_mat",
            "iconfigs"
        ],
        "molec_file_names": [
            "final_molec_test.h5",
            "final_valid_molec_test.h5"
        ],
        "batch_file_names": [
            "final_batch_test.h5",
            "final_valid_batch_test.h5"
        ],
        "dftblst_names": [
            "training_dftblsts.p",
            "validation_dftblsts.p"
        ],
        "reference_data_names": [
            "reference_data1.p",
            "reference_data2.p"
        ]
    },
    "model_settings": {
        "num_knots": 100,
        "buffer": 0.0,
        "spline_mode": "non-joined",
        "spline_deg": 5,
        "joined_cutoff": 4.5,
        "universal_high": 10.0,
        "cutoff_dictionary": {
            "R,1,1": 2.2,
            "R,1,6": 2.2,
            "R,1,7": 2.2,
            "R,1,8": 2.2,
            "R,6,6": 2.2,
            "R,6,7": 2.2,
            "R,6,8": 2.2,
            "R,7,7": 2.2,
            "R,7,8": 2.2,
            "R,8,8": 2.2
        },
        "include_inflect": true,
        "off_diag_opers": [
            "G"
        ],
        "low_end_correction_dict": {
            "1,1": 0.5,
            "6,6": 1.04,
            "1,6": 0.602,
            "7,7": 0.986,
            "6,7": 0.948,
            "1,7": 0.573,
            "1,8": 0.599,
            "6,8": 1.005,
            "7,8": 0.933,
            "8,8": 1.062
        }
    },
    "training_settings": {
        "eig_method": "new",
        "reference_energy_starting_point": [
            -0.230475824,
            -36.3327215,
            -52.3253002,
            -71.8450781,
            0.00127026973
        ],
        "opers_to_model": [
            "H",
            "R",
            "G",
            "S"
        ],
        "target_accuracy_energy": 6270,
        "target_accuracy_dipole": 100,
        "target_accuracy_charges": 1,
        "target_accuracy_convex": 1000,
        "target_accuracy_monotonic": 1000,
        "target_accuracy_smooth": 10,
        "losses": [
            "Etot",
            "dipole",
            "charges",
            "convex",
            "smooth"
        ],
        "par_dict_name": "Auorg_1_1",
        "ragged_dipole": true,
        "transfer_training": false,
        "transfer_train_params": {
            "test_set": "pure",
            "impure_ratio": 0.2,
            "lower_limit": 4
        },
        "train_ener_per_heavy": true,
        "debug": false,
        "include_dipole_backprop": true,
        "ref_direct": "Auorg_1_1/auorg-1-1",
        "driver_mode": "CV",
        "cv_mode": "normal",
        "num_folds": 6,
        "fold_load_form": "combine_individual_folds",
        "split_mapping": {
            "0": [
                [
                    0
                ],
                [
                    1
                ]
            ]
        },
        "charge_update_epochs": 10,
        "nepochs": 2500,
        "n_worker": 1
    },
    "optim_sched_settings": {
        "learning_rate": 1e-05,
        "ams_grad_enabled": true,
        "scheduler_patience": 10,
        "scheduler_factor": 0.9,
        "scheduler_threshold": 0.0001
    },
    "tensor_settings": {
        "tensor_dtype": "double",
        "tensor_device": "cpu",
        "device_index": 0
    },
    "skf_settings": {
        "skf_extension": "",
        "skf_ngrid": 50,
        "skf_strsep": "  ",
        "spl_ngrid": 500
    },
    "repulsive_settings": {
        "rep_setting": "new",
        "rep_integration": "external",
        "opts": {
            "nknots": 50,
            "cutoff": "short",
            "deg": 3,
            "bconds": "vanishing",
            "constr": "+2"
        },
        "gammas_path": "fold_molecs_test_8020/gammas.p"
    },
    "dispersion_settings": {
        "dispersion_form": "LJ",
        "dispersion_correction": false
    },
    "run_id": "base_dset_expanded_20000_RESULT"
}